id,title,company
job_d0fc2415e3ceca6e,Advice Session Supervisor – Office based / Remote,Citizens Advice
job_787b47962803c739,Commercial Coordinator | Homebased,Serco Plc
sj_b7eeaf003fe0bbb3,Compliance Administrator,OCS Group
sj_46ffd4918b4e8125,Dietitican,Acacium Group
sj_5b1daaa1abd01912,Freelance Recruitment Consultant - Commission Only,New Dawn Recruitment Dartford
sj_ec2e92a7de5d003b,Graduate C#/Angular Developer,Graduate Recruitment Bureau
sj_ba6c96387014af6f,Intern - Fundraising & Engagement,The Act Now Initiative
job_70b6a2902f816da0,Junior Learning Designer,The Academy of Contemporary Music (ACM)
sj_893186391b06c011,Pre-Sessional English Teacher,INTO University Partnerships
job_efe882a799198fb5,Proof Reader,Autism Oxford
sj_f2fa550d9abd59df,Remote - Telephone Fundraiser - Telesales Executives,Connect Worldwide
sj_85afc052af8ac398,Renewable Energy Sales,Aira
sj_c40337334d25cc37,Senior Business Development Manager – Apprenticeships,NTG Training
sj_5bd49b43aa2769d1,Specialist Obesity Dietician,TBC Healthcare Ltd
job_0c6e2b2050b2c31a,Virtual Executive Assistant (EA) – Digital Agency (Part-Time/Freelance),Hilvyid,title,company
sj_23206a25b560ec84,Health and Social Care Tutor,The B2W Group
sj_8e7c720b783eacdf,Sales Consultants - Self Employed,Orchard Clothing Limited
sj_32d39f8172296f84,Technical Account Manager,RAW Recruiting Solutions
job_0c6e2b2050b2c31a,Virtual Executive Assistant (EA) – Digital Agency (Part-Time/Freelance),Hilvy
sj_e8fcc021fda5455f,Business Support Officer,Youth Focus West Midlands
sj_fbd7fe048f15bf1e,CBT Practitioner,Optima Health
sj_137ea0805883fd9b,"Telemarketer - fluent in German, French, Italian, Spanish or Portuguese",Chesamel Group
job_3973f46c3d8d2a6e,National Organiser - National Bargee Travellers Association (NBTA),National Bargee Travellers Association
sj_a614c38662782007,Recruitment Assistant,Zachary Daniels Recruitment
sj_71894ca7104218c0,Credit Controller,Takepayments Ltd
job_4fa8ecf7e5adfdbf,Associate Apprenticeship Advisor (Key Stage 3),CXK Ltd
sj_ff01114d7f885e61,Trainee Mental Health Nurse Advisor,Optima Health
sj_2b7a1f4284e76062,Power BI Data Specialist,Ikhoi Recruitment
sj_4515acdf00b88487,Field Sales Manager – Incredible Fitness Equipment Provider,Love Recruitment
sj_05aa0106085da18b,HUB Assistant,Rodericks Dental Partners
job_bf3805b61c2e5e8c,Administrator,FFLM
sj_8f29a70ad4effb2c,"Exec Account Director, Business Development - Biopharma",Thermo Fisher Scientific
sj_9fc076cbf657a895,"Digital Learning Specialist, 2 Hour Learning (Remote) - $100,000/year USD",Crossover
sj_5746f6a349905bfe,Casual Court & Tribunal Security Officer,OCS Group
job_c00e2855fc3f40ee,Operations Assistant,Studio intO
sj_375a6121053ef35e,"Sales Executive (Commission-Only, £50k OTE, Potential £100k+)",OurTuition
job_e15073760c68e021,Remote Volunteer Opportunity – AI Trainee Sales Consultant,TBPG LT
job_dd73a142924634fb,Freelance Virtual Assistant,Askassist Ltd
job_e9c21832269bd9a2,Lettings Officer,My Landlord Cares Property Management Ltd
